0,NDARHM273AXL
1,NDARLG942AZ1
2,NDARHM615PJH
3,NDARGY054ENV
4,NDARJX421FWR
5,NDARJZ217VJ6
6,NDARBN100LCD
7,NDARDC360DGB
8,NDARHP656DLC
9,NDARHL238VL2
10,NDARDX770PJK
11,NDARGM610LF0
12,NDARHJ523XGB
13,NDARDZ946KVL
14,NDARKR010EN7
15,NDARFB500HHN
16,NDARGM498YFL
17,NDARKG785VAJ
18,NDARKA429EPF
19,NDARDX561MRY
20,NDARBU112XZE
21,NDARDR658DRA
22,NDARFM080VAF
23,NDARED632KNG
24,NDARMH763YZD
25,NDARAD481FXF
26,NDARFT834NT1
27,NDARCW419GBD
28,NDAREK375DKR
29,NDARFU789PRX
30,NDARMA875ARE
31,NDARBK669XJQ
32,NDARDH328DR9
33,NDARGA967MGC
34,NDARAV894XWD
35,NDARHW216PER
36,NDARKF615JNZ
37,NDARJR687LGX
38,NDARHB993EV0
39,NDARHT218GFA
40,NDARKR195PL9
41,NDARKC403LRW
42,NDAREL063PMX
43,NDARCL080RHP
44,NDAREC182WW2
45,NDARLA516PH1
46,NDARBM213BEA
47,NDAREM018TJQ
48,NDARJP133YL3
49,NDARGL834CMQ
50,NDARKW999WZD
51,NDARBA507GCT
52,NDARML142BEK
53,NDARFW130NGG
54,NDARDK983BDA
55,NDARAA536PTU
56,NDARHF023VG3
57,NDARAR025WX4
58,NDARBB854DRN
59,NDARCP360AFD
60,NDARKV482FU9
61,NDARHP558MGA
62,NDARFW444PN1
63,NDARJC514CE0
64,NDARLZ228PCB
65,NDARME930DE7
66,NDARGL963HU4
67,NDARHX739YBW
68,NDARBA521RA8
69,NDARLB017MBJ
70,NDARKH421UB1
71,NDARFW292PBD
72,NDARKL327VRH
73,NDARHX877BLQ
74,NDARBV364MBC
75,NDARJP489HCE
76,NDARJH925ZCD
77,NDARMC412BCK
78,NDARJK085PZL
79,NDARFR109LKT
80,NDARCJ007GF8
81,NDARCA186WGH
82,NDARAT100AEQ
83,NDARLP181HLA
84,NDARDB804YHE
85,NDAREK544ENR
86,NDAREF057VX5
87,NDARJV894XP2
88,NDARDT800YVF
89,NDARED047DTH
90,NDAREK947FYP
91,NDARAJ366ZFA
92,NDARET653TAM
93,NDARKC452YVR
94,NDARAT299YRR
95,NDARJT606WGQ
96,NDARHZ439EBY
97,NDARFZ296UNG
98,NDARKM551DA4
99,NDARCD401HGZ
100,NDARHJ946UPH
101,NDARBZ216FW8
102,NDARFL411AT1
103,NDARAE199TDD
104,NDARHL358LGQ
105,NDARFY612EMR
106,NDARFB107PVH
107,NDAREM141CKP
108,NDARJR525HTX
109,NDARGT022BEW
110,NDARDX469TC1
111,NDAREZ098ZPE
112,NDARGY148EVU
113,NDARFA464HJQ
114,NDARKX346VTV
115,NDARFH674DWX
116,NDARET949LMU
117,NDARME656MTN
118,NDARBG702FED
119,NDARJM708VGE
120,NDARAV747WVL
121,NDARHD059PEQ
122,NDAREY962BM7
123,NDARHP176DPE
124,NDARLF283KJX
125,NDARDA695XTL
126,NDARAM277WZT
127,NDARMJ699RJN
128,NDARCT933HF2
129,NDARCA789EE0
130,NDARHM304AXP
131,NDARDU799BZF
132,NDARDN770HY6
133,NDARKH741PL8
134,NDARKX761BH9
135,NDARDM425CG2
136,NDARFN452VPC
137,NDARLP858RAA
138,NDARAV945MCQ
139,NDARHR944BBY
140,NDARJT730WP0
141,NDARLL389TUF
142,NDAREU211JMY