,0
0,NDARHM273AXL
1,NDARLG942AZ1
2,NDARHM615PJH
3,NDARGY054ENV
4,NDARJX421FWR
5,NDARJZ217VJ6
6,NDARBN100LCD
7,NDARDC360DGB
8,NDARHP656DLC
9,NDARHL238VL2
10,NDARDX770PJK
11,NDARGM610LF0
12,NDARHJ523XGB
13,NDARDZ946KVL
14,NDARKR010EN7
15,NDARFB500HHN
16,NDARGM498YFL
17,NDARKG785VAJ
18,NDARKA429EPF
19,NDARDX561MRY
20,NDARBU112XZE
21,NDARDR658DRA
22,NDARFM080VAF
23,NDARED632KNG
24,NDARMH763YZD
25,NDARAD481FXF
26,NDARFT834NT1
27,NDARCW419GBD
28,NDAREK375DKR
29,NDARFU789PRX
30,NDARMA875ARE
31,NDARBK669XJQ
32,NDARDH328DR9
33,NDARGA967MGC
34,NDARAV894XWD
35,NDARHW216PER
36,NDARKF615JNZ
37,NDARJR687LGX
38,NDARHB993EV0
39,NDARHT218GFA
40,NDARKR195PL9
41,NDARKC403LRW
42,NDAREL063PMX
43,NDARCL080RHP
44,NDAREC182WW2
45,NDARLA516PH1
46,NDARBM213BEA
47,NDAREM018TJQ
48,NDARJP133YL3
49,NDARGL834CMQ
50,NDARKW999WZD
51,NDARBA507GCT
52,NDARML142BEK
53,NDARFW130NGG
54,NDARDK983BDA
55,NDARAA536PTU
56,NDARHF023VG3
57,NDARAR025WX4
58,NDARBB854DRN
59,NDARCP360AFD
60,NDARKV482FU9
61,NDARHP558MGA
62,NDARFW444PN1
63,NDARJC514CE0
64,NDARLZ228PCB
65,NDARME930DE7
66,NDARGL963HU4
67,NDARHX739YBW
68,NDARBA521RA8
69,NDARLB017MBJ
70,NDARKH421UB1
71,NDARFW292PBD
72,NDARKL327VRH
73,NDARHX877BLQ
74,NDARBV364MBC
75,NDARJP489HCE
76,NDARJH925ZCD
77,NDARMC412BCK
78,NDARJK085PZL
79,NDARFR109LKT
80,.ipynb
81,NDARCJ007GF8
82,NDARCA186WGH
83,NDARAT100AEQ
84,NDARLP181HLA
85,NDARDB804YHE
86,NDAREK544ENR
87,NDAREF057VX5
88,NDARJV894XP2
89,NDARDT800YVF
90,NDARED047DTH
91,NDAREK947FYP
92,NDARAJ366ZFA
93,NDARET653TAM
94,NDARKC452YVR
95,NDARAT299YRR
96,NDARJT606WGQ
97,NDARHZ439EBY
98,NDARFZ296UNG
99,NDARKM551DA4
100,NDARCD401HGZ
101,NDARHJ946UPH
102,NDARBZ216FW8
103,NDARFL411AT1
104,NDARAE199TDD
105,NDARHL358LGQ
106,NDARFY612EMR
107,NDARFB107PVH
108,NDAREM141CKP
109,NDARJR525HTX
110,NDARGT022BEW
111,NDARDX469TC1
112,NDAREZ098ZPE
113,NDARGY148EVU
114,NDARFA464HJQ
115,NDARKX346VTV
116,NDARFH674DWX
117,NDARET949LMU
118,NDARME656MTN
119,NDARBG702FED
120,NDARJM708VGE
121,NDARAV747WVL
122,NDARHD059PEQ
123,NDAREY962BM7
124,NDARHP176DPE
125,NDARLF283KJX
126,NDARDA695XTL
127,NDARAM277WZT
128,NDARMJ699RJN
129,NDARCT933HF2
130,NDARCA789EE0
131,NDARHM304AXP
132,NDARDU799BZF
133,NDARDN770HY6
134,NDARKH741PL8
135,NDARKX761BH9
136,NDARDM425CG2
137,NDARFN452VPC
138,NDARLP858RAA
139,NDARAV945MCQ
140,NDARHR944BBY
141,NDARJT730WP0
142,NDARLL389TUF
143,NDAREU211JMY
